﻿dep;labDep;reg
67;Bas-Rhin;Alsace
68;Haut-Rhin;Alsace
24;Dordogne;Aquitaine
33;Gironde;Aquitaine
40;Landes;Aquitaine
47;Lot-et-Garonne;Aquitaine
64;Pyrenees-Atlantiques;Aquitaine
3;Allier;Auvergne
15;Cantal;Auvergne
43;Haute-Loire;Auvergne
63;Puy-de-Dome;Auvergne
14;Calvados;Basse-Normandie
61;Orne;Basse-Normandie
21;Cote-Dor;Bourgogne
58;Nievre;Bourgogne
71;Saone-et-Loire;Bourgogne
89;Yonne;Bourgogne
22;Cotes-Darmor;Bretagne
29;Finistere;Bretagne
35;Ille-et-Vilaine;Bretagne
56;Morbihan;Bretagne
18;Cher;Centre
28;Eure-et-Loir;Centre
36;Indre;Centre
37;Indre-et-Loire;Centre
45;Loiret;Centre
41;Loir-et-Cher;Centre
8;Ardennes;Champagne
10;Aube;Champagne
52;Haute-Marne;Champagne
51;Marne;Champagne
2A;Corse du Sud;Corse
2B;Haute-Corse;Corse
25;Doubs;Franche-Comte
70;Haute-Saone;Franche-Comte
39;Jura;Franche-Comte
90;Territoire-de-Belfort;Franche-Comte
27;Eure;Haute-Normandie
76;Seine-Maritime;Haute-Normandie
91;Essonne;Ile-de-France
92;Hauts-de-Seine;Ile-de-France
75;Paris;Ile-de-France
77;Seine-et-Marne;Ile-de-France
93;Seine-St-Denis;Ile-de-France
94;Val-de-Marne;Ile-de-France
95;Val-Doise;Ile-de-France
78;Yvelines;Ile-de-France
11;Aude;Languedoc
30;Gard;Languedoc
34;Herault;Languedoc
48;Lozere;Languedoc
66;Pyrenees-Orientales;Languedoc
19;Correze;Limousin
23;Creuse;Limousin
87;Haute-Vienne;Limousin
54;Meurthe-et-Moselle;Lorraine
55;Meuse;Lorraine
57;Moselle;Lorraine
88;Vosges;Lorraine
9;Ariege;Midi-Pyrenees
12;Aveyron;Midi-Pyrenees
32;Gers;Midi-Pyrenees
31;Haute-Garonne;Midi-Pyrenees
65;Hautes-Pyrenees;Midi-Pyrenees
46;Lot;Midi-Pyrenees
81;Tarn;Midi-Pyrenees
82;Tarn-et-Garonne;Midi-Pyrenees
59;Nord;Nord
62;Pas-de-Calais;Nord
50;Manche;Normandie
44;Loire-Atlantique;Pays-de-la-Loire
49;Maine-et-Loire;Pays-de-la-Loire
53;Mayenne;Pays-de-la-Loire
72;Sarthe;Pays-de-la-Loire
85;Vendee;Pays-de-la-Loire
2;Aisne;Picardie
60;Oise;Picardie
80;Somme;Picardie
16;Charente;Poitou-Charente
17;Charente Maritime;Poitou-Charente
79;Deux-Sevres;Poitou-Charente
86;Vienne;Poitou-Charente
4;Alpes de Haute-Provence;Provence-Alpes-Cote d'Azur
6;Alpes-Maritimes;Provence-Alpes-Cote d'Azur
13;Bouches du Rhone;Provence-Alpes-Cote d'Azur
5;Hautes-Alpes;Provence-Alpes-Cote d'Azur
83;Var;Provence-Alpes-Cote d'Azur
84;Vaucluse;Provence-Alpes-Cote d'Azur
1;Ain;Rhone-Alpes
7;Ardeche;Rhone-Alpes
26;Drome;Rhone-Alpes
74;Haute-Savoie;Rhone-Alpes
38;Isere;Rhone-Alpes
42;Loire;Rhone-Alpes
69;Rhone;Rhone-Alpes
73;Savoie;Rhone-Alpes