﻿CDC_ACT,libelle,stent,extraction,liste_ambu,outpatient,% outpatient,inpatient,total
EDAF003,"dilatation intraluminale de l artere iliaque commune et/ou de l artere iliaque externe avec pose d endoprothese, par voie arterielle transcutanee",oui,oui,oui,1613,3.10%,50786,52399
EEAF006,"dilatation intraluminale de plusieurs arteres du membre inferieur avec pose d endoprothese, par voie arterielle transcutanee",oui,oui,oui,1522,2.70%,54735,56257
EEAF004,"dilatation intraluminale d une artere du membre inferieur avec pose d endoprothese, par voie arterielle transcutanee",oui,oui,oui,809,2.20%,36387,37196
EEAF002,"dilatation intraluminale d une artere du membre inferieur avec dilatation intraluminale de l artere iliaque commune et/ou de l artere iliaque externe homolaterale avec pose d endoprothese, par voie arterielle transcutanee",oui,oui,oui,390,3.90%,9615,10005
EEPF001,"recanalisation d une artere du membre inferieur avec pose d endoprothese, par voie arterielle transcutanee",oui,oui,non,325,2.30%,13787,14112
EDAF006,"dilatation intraluminale de l artere iliaque interne avec pose d endoprothese, par voie arterielle transcutanee",oui,oui,oui,170,7.40%,2117,2287
EDPF009,"recanalisation de l artere iliaque commune et/ou de l artere iliaque externe avec pose d endoprothese, par voie arterielle transcutanee",oui,non,non,43,2.20%,1873,1916
EDLF005,"pose d endoprothese couverte dans l artere iliaque commune et/ou l artere iliaque externe, par voie arterielle transcutanee",oui,non,oui,27,2.30%,1152,1179
EDPF006,"recanalisation de l artere iliaque commune et/ou de l artere iliaque externe avec pose d endoprothese couverte, par voie arterielle transcutanee",oui,oui,non,26,1.80%,1457,1483
DGPF002,"recanalisation de la bifurcation aortique avec pose d endoprothese, par voie arterielle transcutanee bilaterale",oui,non,non,10,1.50%,642,652
EDPF001,"recanalisation de l artere iliaque interne avec pose d endoprothese, par voie arterielle transcutanee",oui,non,non,10,5.10%,185,195
EELF002,"pose d endoprothese couverte dans une artere du membre inferieur, par voie arterielle transcutanee",oui,oui,oui,9,0.90%,968,977
EDLF004,"pose d endoprothese couverte dans l artere iliaque commune et/ou l artere iliaque externe avec embolisation de l artere iliaque interne, par voie arterielle transcutanee",oui,oui,non,1,0.70%,143,144
EDLF007,"pose d endoprothese couverte dans l artere iliaque interne ou une branche extradigestive de l aorte abdominale, par voie arterielle transcutanee",oui,oui,non,1,1.30%,74,75
EEAF003,"dilatation intraluminale d une artere du membre inferieur sans pose d endoprothese, par voie arterielle transcutanee",non,non,oui,245,1.90%,12565,12810
EDAF002,"dilatation intraluminale de l artere iliaque commune et/ou de l artere iliaque externe sans pose d endoprothese, par voie arterielle transcutanee",non,non,oui,238,3.80%,6071,6309
EEAF001,"dilatation intraluminale de plusieurs arteres du membre inferieur sans pose d endoprothese, par voie arterielle transcutanee",non,non,oui,155,1.80%,8356,8511
EEAF005,"dilatation intraluminale d une artere du membre inferieur avec dilatation intraluminale de l artere iliaque commune et/ou de l artere iliaque externe homolaterale sans pose d endoprothese, par voie arterielle transcutanee",non,non,oui,153,9.50%,1461,1614
EEPF002,"recanalisation d une artere du membre inferieur sans pose d endoprothese, par voie arterielle transcutanee",non,non,non,71,1.50%,4776,4847
EDAF004,"dilatation intraluminale de l artere iliaque interne sans pose d endoprothese, par voie arterielle transcutanee",non,non,non,69,6.60%,969,1038
EDPF008,"recanalisation de l artere iliaque commune et/ou de l artere iliaque externe sans pose d endoprothese, par voie arterielle transcutanee",non,non,non,10,4.30%,224,234
EDPF007,"recanalisation de l artere iliaque interne sans pose d endoprothese, par voie arterielle transcutanee",non,non,non,8,10.80%,66,74